,Df,SumOfSqs,R2,F,Pr(>F)
site,4,9.79502223062284,0.319786973664528,13.5484057561324,9.99990000099999e-06
landuse,1,2.13172165404388,0.0695962500534812,11.7943295066043,9.99990000099999e-06
site:landuse,4,4.24379247370105,0.138550941495808,5.8699838575932,9.99990000099999e-06
Residual,80,14.459298617019,0.472065834786183,NA,NA
Total,89,30.6298349753868,1,NA,NA
