,Df,SumOfSqs,R2,F,Pr(>F)
site,4,2.12295804301696,0.223349527216752,10.2596939020334,9.99990000099999e-06
landuse,1,1.92757283968404,0.202793683952163,37.2617958684239,9.99990000099999e-06
site:landuse,4,1.3161189471389,0.138464603938541,6.36045426367559,9.99990000099999e-06
Residual,80,4.13844323873288,0.435392184892544,NA,NA
Total,89,9.50509306857277,1,NA,NA
