,Df,SumOfSqs,R2,F,Pr(>F)
site,4,8.90511198091231,0.242068497416932,9.54526012448972,9.99990000099999e-06
landuse,1,2.82152323266631,0.0766977316874263,12.0973990044455,9.99990000099999e-06
site:landuse,4,6.40222565684591,0.174032302816483,6.86245264531929,9.99990000099999e-06
Residual,80,18.6587099037039,0.507201468079159,NA,NA
Total,89,36.7875707741284,1,NA,NA
