,Df,SumOfSqs,R2,F,Pr(>F)
site,4,0.268627695320624,0.59552400182926,44.4868332428099,9.99990000099999e-06
landuse,1,0.0197809342920844,0.0438525935886229,13.1035055665219,1.9999800002e-05
site:landuse,4,0.0419019540739018,0.0928929511336207,6.93928911986773,9.99990000099999e-06
Residual,80,0.120767281345673,0.267730453448498,NA,NA
Total,89,0.451077865032283,1,NA,NA
