"","Df","Variance","F","Pr(>F)"
"Env(a+c)",5,980289403.169347,20.4284550765274,0.001
"Space(b+c)",15,1086482624.206,7.83485061362904,0.001
"EnvAlone(a)",5,80166840.1385745,2.04752752449465,0.013
"SpaceAlone(b)",15,186360061.175236,1.58659679431552,0.011
