"","Df","Variance","F","Pr(>F)"
"Env(a+c)",5,71.7196517034998,2.66894574803074,0.025
"Space(b+c)",4,78.1946970816316,3.84956993826907,0.001
"EnvAlone(a)",5,27.0742578619883,1.07650182125975,0.361
"SpaceAlone(b)",4,33.5493032401202,1.66744579962664,0.119
