"","Df","Variance","F","Pr(>F)"
"Env(a+c)",5,1144212.73010592,4.95679815943949,0.001
"Space(b+c)",11,1772757.51034144,4.5378359356244,0.001
"EnvAlone(a)",5,265849.582734253,1.64297605396327,0.005
"SpaceAlone(b)",11,894394.362969766,2.51247427218332,0.001
