max_assign,min_assign,mean_assign
92.1337916446325,21.9063987308303,55.99741465421
