"","Df","Variance","F","Pr(>F)"
"Env(a+c)",5,174.714871561812,4.13244556148241,0.001
"Space(b+c)",8,284.549661149112,5.82192412788454,0.001
"EnvAlone(a)",5,14.9948216299693,0.453623428314753,0.962
"SpaceAlone(b)",8,124.829611217269,2.36021631304375,0.004
