"","Df","Variance","F","Pr(>F)"
"Env(a+c)",5,980289403.169347,20.4284550765274,0.001
"Space(b+c)",12,1093099122.50286,11.1476145958168,0.001
"EnvAlone(a)",5,58335621.1797241,1.55064600634987,0.052
"SpaceAlone(b)",12,171145340.513252,1.89553879063192,0.001
