"","Df","Variance","F","Pr(>F)"
"Env(a+c)",5,268205.163080281,4.41347575138545,0.001
"Space(b+c)",16,524920.97036497,4.22764057667291,0.001
"EnvAlone(a)",5,46062.7155448764,1.23749027048465,0.054
"SpaceAlone(b)",16,302778.522829567,2.54195198655482,0.001
