"","Df","Variance","F","Pr(>F)"
"Env(a+c)",5,1678447967.46499,17.5762994963576,0.001
"Space(b+c)",11,1987573117.91902,13.6842629139138,0.001
"EnvAlone(a)",5,119128724.418933,2.10709585433842,0.007
"SpaceAlone(b)",11,428253874.872952,3.44307451208616,0.001
