"","Df","Variance","F","Pr(>F)"
"Env(a+c)",5,1355446.58844746,3.600259237997,0.001
"Space(b+c)",10,2294344.2003769,3.90489165061188,0.001
"EnvAlone(a)",5,263909.651562924,0.882853663999356,0.757
"SpaceAlone(b)",10,1202807.26349236,2.01186806426077,0.001
